employee_id,review_date,performance_score,comments
1,2015-01-17,2.98,Move child establish course compare baby.
1,2016-04-16,4.6,Get these direction message my.
1,2017-06-07,1.79,Explain eat candidate necessary whom.
1,2017-08-08,2.65,Before beat home fact meet physical.
1,2019-02-17,2.88,Appear popular buy should marriage cultural.
1,2020-03-02,2.11,Various major central cover.
1,2020-09-11,2.01,Specific number wonder we leave drive everybody.
1,2022-03-12,2.19,Brother team eat nor to appear.
1,2022-12-12,3.1,Capital visit job.
1,2023-10-31,2.85,With rich far drive choice fear.
2,2015-07-29,3.73,Across expert share rate maintain.
2,2015-09-08,2.85,Left stock majority sign.
2,2017-06-11,4.02,Ask education executive.
2,2018-07-04,3.57,Pick go someone others themselves.
2,2019-02-16,1.89,Professor hundred seat line total heavy test.
2,2019-10-17,4.54,Health we pay drop least.
2,2020-09-23,3.87,Behavior range ten baby fine.
2,2021-10-24,3.87,Never with next different with early.
2,2022-09-07,2.22,Tend big model house talk.
2,2023-09-12,1.18,Wear identify hour measure man house change.
3,2015-03-04,3.57,Maybe only modern every theory which.
3,2016-01-01,4.9,Though seven soldier goal whether.
3,2016-08-25,2.9,Himself list order.
3,2018-07-02,4.34,About source animal start feeling service author weight.
3,2018-12-14,4.1,On own similar account deal.
3,2020-03-30,2.04,Either official hot agent participant itself.
3,2021-06-02,3.15,Exactly western ahead join heavy their statement.
3,2021-08-20,3.98,Performance reflect as think against different relationship.
3,2023-08-06,2.38,Deep everybody imagine glass water.
3,2023-12-23,2.99,Guess almost partner production house exactly guess box.
4,2014-08-08,2.74,Hand value level fine realize.
4,2016-06-12,4.13,Accept measure ten family study.
4,2017-03-04,2.09,Street professor standard kitchen.
4,2018-03-28,4.11,Money lot course month administration American amount current.
4,2018-11-20,4.8,Hair reach for interest institution.
4,2019-11-28,1.33,Teacher management firm floor exist rise arm.
4,2021-06-21,4.82,Indeed power degree outside upon development ground.
4,2021-11-21,2.15,Current appear television power structure meet truth.
4,2023-08-06,2.11,Pull least opportunity television ball son true.
4,2023-10-06,4.09,Order he natural structure process.
5,2014-10-27,4.07,Agency matter office win perhaps this.
5,2016-07-29,1.96,Good range return claim fight.
5,2016-12-01,3.12,Pay military may interview control.
5,2017-08-31,1.53,Point agent share back husband stand staff.
5,2019-06-25,2.17,Local maybe they almost.
5,2020-04-27,2.16,Measure issue class the.
5,2021-05-06,2.22,Space scientist get record method enough network.
5,2022-04-25,1.76,Source find throughout off choice notice attorney.
5,2022-11-14,4.83,Language coach even between marriage sister treat.
5,2023-11-09,1.07,Station this entire party marriage but.
6,2014-10-02,2.97,Catch interesting per so pay attention national.
6,2015-10-07,3.12,Early them tonight such forward.
6,2016-08-27,2.9,Price soldier night party.
6,2017-11-10,2.46,Side focus young sister event.
6,2019-05-12,3.52,Edge sit affect involve physical happen.
6,2020-01-04,4.78,Room walk yourself much.
6,2021-04-04,3.4,Through phone simply remain gun.
6,2022-06-24,1.16,Forget account stop most weight candidate.
6,2023-04-20,1.5,Budget war possible.
6,2024-05-25,1.36,Once pull central cup dinner answer leg.
7,2014-09-01,3.96,Break simple those much detail medical site.
7,2016-05-17,3.72,Government Mr pick two.
7,2016-08-11,1.22,Staff season himself article include.
7,2017-10-08,1.82,Administration left agree enter green industry.
7,2018-08-24,3.02,Goal oil take learn.
7,2020-07-28,3.27,Black care deep just idea let order car.
7,2021-07-07,3.29,Increase talk leave organization share event.
7,2021-11-17,1.3,Process money hair reduce instead itself.
7,2022-11-04,4.26,Place TV agent open smile floor official.
7,2024-03-02,3.05,Risk against far boy.
8,2014-08-28,4.44,Pull should office but season indicate.
8,2015-12-05,3.53,Shoulder they as stock.
8,2017-02-06,3.42,Wait their share top soldier.
8,2017-10-22,3.15,Thing name happy raise bring.
8,2019-04-03,2.34,Government manager three even face.
8,2020-05-23,3.88,Ahead leave enter both.
8,2020-12-27,4.4,Nice candidate south current those from see.
8,2022-03-26,2.5,Board get eat particularly away type clear.
8,2023-01-15,3.07,Cause serve measure spend full later.
8,2024-01-17,3.7,Outside describe worry job.
9,2014-11-11,4.34,Likely feeling meet here current.
9,2015-10-25,2.66,Prepare sport across.
9,2017-01-27,3.14,Concern good campaign garden think music loss.
9,2017-10-15,1.96,It be radio else model sell number light.
9,2018-11-24,1.13,Rate last impact develop think fall.
9,2019-09-12,1.76,Never force ground miss share hold suddenly.
9,2021-08-05,3.28,Team why think method effort.
9,2022-01-30,3.28,Consumer choose support alone sound.
9,2023-05-26,3.7,Fill figure actually industry low point.
9,2024-03-17,2.93,In throw away design.
10,2015-04-08,4.29,Continue serve remember picture him.
10,2016-05-26,2.84,Record thus fight develop.
10,2017-01-10,4.54,Industry should successful each low ground similar.
10,2018-03-20,4.12,Rule she condition.
10,2019-02-21,4.38,Knowledge realize rule cut.
10,2020-02-29,4.37,Institution success stand production.
10,2021-03-09,3.28,Organization guess activity hear skin of.
10,2022-03-30,4.14,Success yet material present down west.
10,2023-05-09,1.5,Old think PM Democrat method kind girl.
10,2023-08-15,1.96,Year share choose major light century design.
11,2015-01-22,3.21,How church network run choose hot image.
11,2015-10-22,4.31,Individual market believe so.
11,2017-03-06,1.14,Reveal full bill.
11,2017-09-07,1.29,Describe major executive address community civil.
11,2018-12-27,1.5,Ago evening professor bar create public.
11,2019-09-21,3.19,Total build mean than tell charge what three.
11,2021-02-28,3.43,Forward any interesting identify.
11,2022-06-01,1.2,Woman interest others onto machine behind.
11,2023-04-08,4.1,Strong smile almost.
11,2024-03-25,3.2,Material nearly many above.
12,2015-07-10,1.65,Someone painting our shoulder her hundred.
12,2016-03-30,1.76,Analysis laugh believe model word several central sell.
12,2017-06-12,1.2,Too side return sound his poor suffer.
12,2017-12-11,4.36,Against call better indicate night.
12,2018-11-20,4.41,Common total low meeting note well on.
12,2019-08-23,2.01,Forget south six rise.
12,2020-11-15,4.63,Real maybe fact meet around yes.
12,2021-12-10,3.09,Social once generation director international some then.
12,2023-03-06,3.61,Degree participant as relationship.
12,2023-09-11,1.47,Car around politics learn majority just pretty.
13,2014-10-08,2.73,Morning affect song around thank laugh give three.
13,2016-03-25,3.91,Participant outside church station.
13,2016-10-04,1.76,Already teach choice support ball accept pattern.
13,2018-08-02,1.48,Offer election condition begin write window.
13,2018-12-18,3.88,Left culture above what left company.
13,2019-12-21,1.18,Top present industry nothing owner.
13,2020-08-20,4.06,Well ground this could season once page list.
13,2021-12-19,2.86,Necessary body bit other eat.
13,2022-10-27,3.7,Republican ask get.
13,2024-02-16,4.12,Among month activity two which kid walk reality.
14,2014-08-15,4.3,Star political on project while health partner public.
14,2016-04-16,2.13,Lot during hard street buy turn school.
14,2017-08-04,3.92,Bag approach follow lead act her.
14,2017-09-10,4.31,Top hard follow wear.
14,2019-03-25,1.52,Southern feeling same speech boy.
14,2020-04-29,3.67,Low consumer line heart station small few.
14,2020-11-10,4.87,Doctor dream sea true possible assume letter use.
14,2022-01-02,4.12,Story writer particular.
14,2022-12-14,1.72,Seek exist several contain course could compare.
14,2024-07-05,3.77,General law attack education change lead.
15,2015-03-05,3.28,Mission ask since cell candidate.
15,2015-09-24,1.3,Reality have rather present red score avoid.
15,2017-02-13,2.74,Live trouble sister interest national.
15,2017-10-14,4.58,Lot class shoulder foot left.
15,2018-11-01,3.97,Home economic public long.
15,2019-08-16,1.26,Ever because admit place.
15,2020-11-09,1.65,Page relate east instead.
15,2022-05-31,4.94,Sometimes cut suddenly state finish.
15,2022-11-28,4.89,Center current involve difficult soon perform produce network.
15,2023-11-29,4.47,Admit new ago doctor.
16,2014-08-10,3.79,They bad television easy.
16,2016-07-12,1.41,Watch large chair three before.
16,2017-01-19,4.77,Than see network line.
16,2018-07-19,2.0,Even mention year laugh call senior opportunity.
16,2018-10-11,4.02,Series baby radio cover nice.
16,2019-10-07,3.34,Small statement key laugh teacher.
16,2021-02-05,2.86,Prove big might occur keep week.
16,2022-08-05,3.2,Son term their image nation green.
16,2023-05-13,2.38,Ground section strategy piece hot attention.
16,2024-02-04,2.96,Forward cold woman.
17,2014-10-13,2.05,Travel store various today yes look experience.
17,2016-02-21,2.57,Smile attack physical arm life significant movement.
17,2017-01-04,1.02,Buy buy politics claim send machine degree weight.
17,2017-08-10,1.34,She reveal religious store yes piece.
17,2019-05-27,2.36,I exactly expect doctor.
17,2020-02-15,2.37,Political exactly meet tree just conference.
17,2020-09-01,4.38,However consider sit hair check two respond course.
17,2022-06-16,3.14,Business us account television stock glass.
17,2023-07-21,4.07,About rule moment.
17,2023-12-21,3.67,Turn which near.
18,2014-12-19,4.92,Woman seek loss letter.
18,2015-10-19,4.92,Mean outside career development.
18,2017-05-19,2.8,Relate employee describe star.
18,2018-05-12,4.01,Rule message both usually physical.
18,2018-10-29,2.99,Recent language respond statement.
18,2019-11-22,4.77,It quite mind nature amount accept.
18,2021-04-10,4.44,Center travel particular system.
18,2021-12-19,1.33,Which attention adult inside western he.
18,2023-05-14,1.87,Surface much under enjoy responsibility fill product.
18,2024-01-14,3.66,Raise season note girl enter model interview list.
19,2014-08-08,1.44,Site something especially item.
19,2016-01-20,1.88,Close clear pattern become foreign above learn sense.
19,2016-12-12,4.95,Production environmental stand impact half suggest garden benefit.
19,2018-05-21,1.15,Glass boy peace here law.
19,2018-08-30,4.64,Yard new environment.
19,2020-02-29,1.18,Customer policy teach not deal interest.
19,2020-10-29,1.53,Finish onto country organization level food three employee.
19,2021-08-24,3.92,Girl always attack baby national.
19,2022-12-01,1.41,Audience bag color environmental tough young.
19,2024-03-21,1.03,Computer light small class people.
20,2014-11-28,4.48,Too stop past attorney would enjoy that.
20,2015-08-25,3.56,Family prove people worker indicate way letter.
20,2017-03-28,4.29,Away Mr sit there end.
20,2018-07-01,2.37,Send television street rock stay certainly deal.
20,2019-07-04,3.8,Upon medical away figure ever official.
20,2020-03-18,3.05,Suddenly language life we rise care.
20,2021-01-12,4.25,Another article until grow test today long.
20,2022-03-30,4.82,Spend put site crime detail charge.
20,2022-09-05,1.24,Product walk case note yeah.
20,2024-02-02,1.47,Building party theory art collection.
21,2014-08-12,2.54,Evidence list tree top.
21,2016-04-13,1.59,Likely should effort move radio green whether go.
21,2016-12-01,2.81,Girl worry future positive guess movement.
21,2018-02-14,1.39,Do home artist.
21,2018-09-15,1.52,Week her coach probably.
21,2020-03-13,3.91,Fly push article pull detail report.
21,2021-05-31,2.74,Dark never life hour right state.
21,2022-01-22,4.15,Half course glass give drive question.
21,2023-05-20,2.57,Move edge risk age card tend.
21,2024-04-12,3.57,Lead partner security newspaper more.
22,2015-04-28,1.41,Debate area security TV week rate finish.
22,2015-08-14,3.57,Describe only be others after.
22,2017-04-27,1.44,Care spend scientist water table end.
22,2018-05-29,1.73,Month indicate decide this.
22,2019-03-28,3.11,His despite somebody feeling.
22,2020-04-05,3.11,Activity arm plan color it expert leave.
22,2020-11-19,1.26,Series lose behavior job.
22,2021-10-21,2.83,Glass prove thank wrong chair red bar few.
22,2022-12-09,4.83,Program watch film save consider both art.
22,2024-02-25,4.39,Arrive agreement wide able laugh firm.
23,2014-12-06,4.89,Head government short toward case other.
23,2016-04-25,1.7,Born base western mean rate change.
23,2016-11-05,3.95,Head probably those leave carry surface.
23,2017-11-12,3.48,The ahead radio mission.
23,2018-09-18,3.64,Magazine it opportunity.
23,2019-09-15,3.98,Than today while economic.
23,2020-09-23,1.32,State worker during character central foreign offer.
23,2022-07-08,2.51,Amount standard simply too responsibility brother up.
23,2023-04-29,1.07,Them us so simple.
23,2024-05-21,3.68,Big wear wear night week.
24,2014-10-12,1.91,Whose walk despite ground never.
24,2015-11-21,1.91,The watch house human position cultural loss.
24,2016-11-30,4.37,General common human position probably choice.
24,2018-01-12,2.48,Media represent may worry everyone seat like.
24,2019-03-12,1.88,Anything hear none tend.
24,2020-04-20,2.47,Outside drug carry father.
24,2020-10-20,1.06,Pay during go degree reason memory manager picture.
24,2022-07-13,1.75,Approach son industry.
24,2023-07-18,4.3,Mother represent opportunity.
24,2023-10-26,1.71,So manage foreign present during risk whether.
25,2015-05-12,4.97,Three audience property organization bed politics bag.
25,2016-03-25,3.62,Community wall customer thousand red win.
25,2016-11-30,3.34,Ago money trouble gas.
25,2018-05-24,3.89,Responsibility work arm charge treatment enough.
25,2018-12-05,2.06,Day hope PM truth.
25,2019-10-30,4.75,Behind baby race cover large indeed power ball.
25,2020-10-16,3.38,Bring new prove key.
25,2022-08-01,1.99,Option human skin son bed hotel.
25,2023-01-26,4.01,Manage town without fear not doctor.
25,2024-05-19,2.76,Resource medical positive more significant control.
26,2015-06-28,2.29,Example general past hour whose win.
26,2015-11-05,3.78,Man community to.
26,2017-01-26,3.39,From PM note piece live sea trial.
26,2018-02-24,2.3,Financial name next issue.
26,2018-09-30,3.88,Nothing group the firm fire exactly else.
26,2020-04-02,1.62,Often change job.
26,2020-10-04,3.97,Nature almost situation.
26,2022-05-20,4.2,Must able wonder about American them morning.
26,2023-02-15,1.76,Hope indeed position now.
26,2023-08-22,1.15,Left expert house opportunity.
27,2014-10-04,3.08,Read trial any participant most theory must against.
27,2015-09-16,3.37,Sometimes eight if draw water happy whole.
27,2017-07-13,3.56,For material say than training blue.
27,2017-11-04,1.41,Class modern letter big.
27,2018-09-25,3.58,Themselves time no professional ask worker.
27,2020-01-19,4.78,Peace same many task hard.
27,2021-05-18,2.31,Less window all loss where city mention.
27,2022-05-19,3.03,Certain network few only though hard along.
27,2023-01-15,3.65,Church conference represent again national play blue let.
27,2023-10-08,2.6,Player blood bed method.
28,2015-06-25,3.6,Generation peace size throughout arrive.
28,2016-04-17,4.45,Big doctor product next avoid tell reason.
28,2017-04-24,4.38,Notice type spring determine material.
28,2017-10-13,4.9,Real game red second best well.
28,2018-09-13,2.59,Foreign yes personal detail step work subject.
28,2020-04-17,1.71,New condition else kind nor worker.
28,2020-08-16,2.97,Traditional art meeting although relationship understand.
28,2021-08-09,4.74,Body executive force suggest future general.
28,2023-03-20,1.08,Important about from to tough others near.
28,2024-07-10,2.66,Meet now real.
29,2015-03-01,2.06,Bag candidate father theory story toward which.
29,2015-12-21,4.49,Individual sound cold seem.
29,2017-03-24,4.75,Break note account industry ago enough successful.
29,2017-12-04,3.32,Cup city main technology.
29,2019-04-02,2.13,Itself local hour wind.
29,2019-11-25,3.66,Relationship short social especially mention structure such.
29,2021-04-22,4.03,Right bed woman lead generation.
29,2022-05-10,4.43,Break former usually power hard fish.
29,2023-04-14,1.92,State education quickly together partner American.
29,2024-06-26,4.88,When world suggest receive size budget.
30,2015-05-16,4.97,Enter less want finish fear everything.
30,2016-01-23,2.97,Goal free group old.
30,2016-08-23,4.34,Environment serve gun task.
30,2017-09-28,3.5,Will job order run civil pull group.
30,2018-12-13,1.69,Real chance catch marriage life local animal.
30,2020-04-21,4.41,Give rule occur material need within term.
30,2021-03-22,3.75,With act teach language show current my.
30,2022-05-10,4.85,Spend offer surface cover.
30,2022-11-17,2.11,Again forward page certain meet impact pick.
30,2023-09-01,2.12,Return remember bank candidate.
31,2015-07-12,4.91,Wife deep suddenly official.
31,2016-06-15,1.24,Election wait environment just hold mean job.
31,2016-11-28,1.34,Receive election ability nation you.
31,2017-12-08,3.33,Financial reduce feeling identify or six increase.
31,2018-09-20,4.48,Number soldier determine figure.
31,2020-06-15,4.22,Above student final bring too past present military.
31,2020-11-02,4.73,Paper new use.
31,2022-01-30,1.96,Several citizen worry to large foreign unit standard.
31,2023-06-02,3.73,Power determine around.
31,2024-02-07,3.16,Lose skill goal special morning.
32,2014-10-13,3.71,Prevent may chance eat everybody.
32,2016-04-19,1.55,Wish development determine alone purpose final present these.
32,2016-09-11,2.0,Read new today though suffer remember.
32,2018-05-09,2.0,He certain physical learn use.
32,2019-07-11,1.77,At arrive final now arm quality.
32,2019-09-02,3.75,May a home.
32,2021-02-15,3.49,Artist usually bar PM page significant.
32,2021-08-22,1.07,Would beat according book.
32,2023-07-20,1.87,Author marriage whom allow age drug weight piece.
32,2024-05-19,3.44,Adult stuff thought resource generation education.
33,2015-05-20,3.8,Voice deep medical foot color whatever.
33,2015-10-27,1.58,Boy pull western mention glass.
33,2017-01-24,4.34,Owner from three.
33,2017-08-22,2.75,Draw computer feel skill.
33,2019-02-09,3.77,Husband his market someone kind.
33,2020-05-06,4.47,Particular compare travel.
33,2021-08-01,3.51,Car record response start magazine hotel color information.
33,2022-07-17,4.69,Positive actually through tough detail director forget.
33,2022-09-30,3.81,Choice executive guy wait four for.
33,2023-10-05,2.71,Performance carry special stop character onto say.
34,2015-01-17,1.42,Lawyer enter follow down involve there amount.
34,2015-10-29,4.1,School book small necessary son analysis.
34,2017-04-18,3.27,Great society example whose investment study part.
34,2017-12-27,2.11,Manager before voice conference quite teach.
34,2019-05-15,1.21,Color perhaps sport reality.
34,2020-01-05,3.78,Ask in cut source war front.
34,2020-11-15,1.14,Strong daughter similar million skin student success.
34,2021-09-09,4.66,Threat quickly next note.
34,2023-01-11,4.06,Pressure those carry.
34,2024-06-22,2.22,Explain by choose growth them national.
35,2014-10-23,1.96,Cultural push fight mention down policy.
35,2016-03-21,2.13,Movement alone response sing official.
35,2017-07-23,2.56,Live police number tend direction.
35,2017-11-01,1.76,Young market final table unit any decision office.
35,2018-08-30,3.08,Quality I marriage better data.
35,2019-09-01,1.55,Resource name someone model.
35,2021-01-24,2.81,Degree rock tell line up lead.
35,2022-07-10,2.58,Work religious conference physical red.
35,2023-04-27,3.09,Maybe scientist include business natural around.
35,2024-03-01,3.33,Action police cold artist.
36,2015-02-18,3.8,Game treat specific city.
36,2015-12-24,2.58,Statement moment view.
36,2017-06-18,4.86,Yes religious candidate determine customer participant.
36,2018-01-13,3.04,Strong buy order number it.
36,2019-06-12,1.59,Computer return window international.
36,2020-05-06,2.64,Early at type walk cup crime then.
36,2020-09-28,1.69,Allow home example car citizen.
36,2022-05-25,1.79,Southern class operation from even.
36,2023-03-14,2.74,Also question will appear TV.
36,2024-04-30,4.64,Base series raise difficult month gun.
37,2014-09-18,1.64,Always decade president interesting foreign adult.
37,2015-12-01,1.41,Play he with sure feel enter.
37,2017-04-12,1.56,Because police level guess range population.
37,2017-11-03,1.05,Its system experience respond live part trip.
37,2018-11-04,2.7,Whom admit ahead month current call other.
37,2020-01-11,3.47,Be table put authority.
37,2021-07-04,4.64,Each often politics why short.
37,2021-12-01,3.68,Fall save memory.
37,2022-10-06,2.41,Cultural style parent.
37,2024-03-17,2.83,Decade sound job real raise.
38,2015-06-19,4.11,Probably wish issue drop bit everybody appear.
38,2016-06-23,2.29,Sister meeting how develop concern computer.
38,2016-11-15,3.76,Win point important page.
38,2018-07-25,4.53,Participant condition second way.
38,2019-03-03,2.98,Never act suggest gun edge usually part.
38,2020-07-01,4.39,Rock hair but common.
38,2021-07-02,2.96,Candidate start eye effort present unit argue.
38,2022-03-26,4.22,Ago contain television card.
38,2023-02-13,2.47,Practice social owner consider president.
38,2023-10-09,3.29,All language product wish.
39,2014-11-15,4.73,Response reality statement field size.
39,2016-01-22,1.81,Sure my indicate million never much.
39,2017-02-23,4.15,Road reality country because choice.
39,2017-10-24,4.0,Top difficult property ask stand red Mrs lot.
39,2019-03-29,1.34,President real financial us.
39,2020-07-24,2.72,Fight law list practice court white deep.
39,2021-02-16,3.12,Seem word end cost idea carry help.
39,2022-07-08,2.11,Care remain nice reduce hospital.
39,2022-11-25,1.63,Build wear certain.
39,2024-01-11,1.4,Although right history far debate.
40,2015-02-05,3.9,Simple carry boy must include way.
40,2015-10-24,1.62,Three top work development.
40,2017-02-21,3.29,Ok improve establish image something society.
40,2017-12-15,4.54,Character attorney same garden.
40,2019-06-03,4.84,Decide PM weight full whether individual.
40,2019-10-29,4.9,Able property father however.
40,2020-12-12,2.48,Close leader call economic.
40,2021-08-21,4.14,Begin join middle.
40,2023-02-13,2.93,Three lose election new figure born.
40,2023-11-19,1.34,Man himself support sport stuff.
41,2014-12-07,3.48,Truth adult minute down president member eight organization.
41,2016-06-20,3.49,Positive ok home language clearly music hundred yes.
41,2017-03-10,2.67,Pass even long begin.
41,2018-06-10,2.75,Different draw important fast agency Congress.
41,2019-07-27,3.5,Total capital key this add table write.
41,2020-01-11,4.93,Improve determine film rather.
41,2021-03-13,4.35,Hold society daughter nor teach meet.
41,2022-07-07,1.48,Explain decade quickly city.
41,2023-01-15,2.83,Receive political successful.
41,2023-11-02,2.26,Use just air language smile.
42,2014-11-28,2.96,Fire during investment society notice.
42,2015-10-24,4.16,Something land memory task trade huge.
42,2017-04-01,3.94,Between force without moment check billion catch from.
42,2017-08-18,4.96,Hospital news available occur garden account.
42,2018-08-13,4.91,Natural scene see into.
42,2019-10-30,4.4,Little bag save mean town leave that.
42,2021-01-17,2.56,Rise institution off become.
42,2022-07-12,2.47,Upon fear social drop much.
42,2022-09-02,2.62,Actually determine business expert support instead put.
42,2024-05-25,3.62,Short development road.
43,2015-04-04,4.66,Say meet source wear rich card.
43,2015-12-09,1.15,Knowledge behind central.
43,2017-01-23,3.64,East special personal yet any democratic method.
43,2018-06-18,4.84,Staff else old shoulder boy.
43,2018-09-09,2.04,Building wall which process.
43,2019-12-19,1.62,Exist respond month tend lawyer.
43,2021-07-19,4.64,With democratic soldier role federal.
43,2022-02-07,2.94,Upon new key Republican support.
43,2023-07-17,2.7,Hot make activity interest garden.
43,2023-12-06,4.52,She traditional color get.
44,2015-05-25,2.17,Movement degree of capital last.
44,2016-04-16,1.07,Entire decision assume live live.
44,2017-07-03,1.59,Above give its success.
44,2017-09-30,4.59,Much senior require need.
44,2019-07-26,4.2,Focus key development beautiful.
44,2020-07-11,2.1,Kitchen as still enter.
44,2020-10-12,3.47,Include report short paper.
44,2022-06-10,1.58,Young development book face loss site.
44,2022-09-20,2.11,Relate upon throughout lawyer line ready.
44,2023-11-12,1.18,Strategy record recent idea own establish sea interesting.
45,2014-10-29,1.32,That four thousand beautiful recently official.
45,2015-08-27,3.8,Back budget include everybody front.
45,2017-01-08,1.97,Student hundred movie air minute quality bring.
45,2018-06-09,3.1,Analysis identify poor knowledge second officer.
45,2018-08-26,3.33,Work bar value more.
45,2019-10-18,3.93,Magazine worry certain material return.
45,2021-07-06,2.17,Social thus result continue analysis boy what.
45,2021-09-02,3.93,Close onto good share level.
45,2022-10-27,2.91,Two conference then letter pattern training.
45,2023-12-16,2.67,List six item line mission Mr.
46,2015-05-09,2.73,Blood often professional measure dinner surface nor.
46,2016-02-16,2.67,Each if represent prepare author.
46,2017-04-07,4.93,Lot sense air environment.
46,2018-06-13,4.94,Other oil project effect beyond service eat owner.
46,2018-08-27,2.48,Meet serve station various of community matter.
46,2020-03-17,2.59,Chair exactly along single relationship need interview worry.
46,2021-08-06,2.41,Whole middle local in than hot present.
46,2021-09-04,4.59,One decision population well wife.
46,2022-09-02,3.78,Him develop single during.
46,2024-07-08,1.07,Particular keep thought six simple more scientist.
47,2014-11-10,1.88,Sea parent machine million senior ten smile radio.
47,2016-05-18,3.18,Exist position air what of.
47,2017-04-25,2.08,Interview before water some kind none.
47,2018-04-05,2.12,Second staff myself policy.
47,2018-09-10,3.0,Start clearly report model discuss.
47,2020-06-09,1.05,Different any read show effort treatment relate interview.
47,2020-10-23,1.09,People over operation surface station.
47,2021-12-03,1.5,Collection begin far.
47,2022-09-06,3.32,Hair election everybody.
47,2024-04-11,1.68,Space state now system sit degree that serious.
48,2015-01-09,3.12,Carry or air despite simple benefit best.
48,2016-02-01,2.76,Nation role across former environment.
48,2017-01-06,4.86,Wife believe center effect.
48,2018-03-27,1.02,Attack public letter ready.
48,2018-11-29,2.13,Offer paper culture game group authority either.
48,2020-03-28,2.38,Remain bad society letter.
48,2020-11-22,3.61,Property partner cover they with him then.
48,2022-08-05,1.81,Still anyone herself hundred wonder but stock.
48,2023-06-16,2.14,Certain individual mission those anyone best.
48,2024-01-20,2.36,Trouble store relationship sign born.
49,2015-05-12,3.19,Wide name smile quickly need.
49,2016-01-23,1.82,Purpose lose chair leave short claim.
49,2016-08-15,3.38,Whose role laugh give meet significant.
49,2018-04-11,4.67,Per dog right hundred.
49,2019-07-05,3.44,Two toward skin cup.
49,2020-05-15,2.59,Happy traditional cost share.
49,2020-10-26,4.01,Reason forward somebody reflect anyone ability smile.
49,2021-08-25,1.18,Example key forget direction carry happy anything lead.
49,2022-09-14,2.28,Police share make war call.
49,2024-01-13,3.8,Board leave raise guess stay.
50,2014-12-30,4.77,Sell any suffer use relate center.
50,2015-08-11,1.62,Another son edge guess each huge responsibility.
50,2017-04-15,4.34,Particularly maybe decision wait force within street.
50,2018-04-18,2.03,Establish often up account cultural receive everybody material.
50,2018-12-08,3.13,Box land require again.
50,2020-02-18,2.51,Find fish cut capital.
50,2020-09-07,3.26,Rise bill response public.
50,2021-12-01,1.79,Effort artist number.
50,2022-08-08,3.38,Particular who both forward up trade.
50,2024-03-17,2.85,Party get Congress order born hit fire.
51,2015-06-15,2.2,Mind with region professional they officer.
51,2015-10-08,2.09,Bank foot himself doctor first end cold his.
51,2017-06-13,4.97,Measure campaign yeah nation character type mother.
51,2018-04-10,3.85,According model challenge expect.
51,2019-02-21,1.26,Within analysis try suggest when figure.
51,2020-06-11,4.04,Compare break yeah employee skin church.
51,2021-05-01,2.51,Environment method citizen capital.
51,2022-06-05,4.46,Whatever respond how event.
51,2023-01-23,2.44,Tough wonder government policy.
51,2024-02-10,2.63,Stop we positive sister foot.
52,2015-01-16,2.44,Particular federal first enter.
52,2016-07-05,2.8,Up certainly successful name.
52,2016-12-26,2.57,Top as travel along news single after.
52,2018-04-21,1.21,Foreign room area dream compare practice.
52,2018-11-16,1.51,Field from idea might beyond.
52,2019-09-24,3.61,Religious wind final budget between force.
52,2020-12-21,3.94,Memory try for according.
52,2022-01-15,3.64,Bank dream our third.
52,2022-10-16,3.93,Little they how fine.
52,2024-08-03,2.21,Listen level line sometimes.
53,2015-05-13,1.44,Drug green begin program likely enough hospital.
53,2016-05-11,2.89,Theory test site.
53,2017-02-11,4.87,They feeling pick PM list.
53,2017-11-16,2.7,Her similar military rate.
53,2019-04-29,1.78,History sister check.
53,2019-10-04,4.47,Result live treatment tax man whatever involve.
53,2021-07-06,2.18,Detail power anything free imagine accept picture.
53,2021-11-17,1.89,We certainly out against wish allow act.
53,2022-09-11,2.41,Relate far relate machine condition prevent dark service.
53,2024-02-16,1.9,Continue let leader alone prepare.
54,2015-01-21,1.38,Health though discover more.
54,2016-04-10,1.96,Help increase recognize Republican leave.
54,2017-03-09,1.32,Speech suddenly once reach.
54,2017-09-22,4.1,What attack less.
54,2018-09-11,3.27,Player son budget financial boy.
54,2019-08-23,2.81,Imagine this population return heavy.
54,2020-10-11,1.34,Over maybe her yourself.
54,2021-08-28,4.45,Crime role glass some outside and.
54,2022-08-30,1.05,Memory future media vote left hundred.
54,2024-05-07,2.47,Or purpose anything direction.
55,2014-09-26,3.72,Drop bed role wrong occur say.
55,2016-05-25,3.54,Pull hundred exist sort.
55,2016-11-18,1.29,Individual security guy than real water term.
55,2017-10-02,3.61,Recent southern entire discover.
55,2018-09-14,1.61,Suddenly during couple woman.
55,2019-11-06,2.54,Cell develop child painting phone unit out.
55,2021-04-26,4.55,Unit prove huge use stay protect plan.
55,2022-03-30,1.96,Among fall now.
55,2023-04-28,2.52,Form Mr other same difference.
55,2023-12-15,2.48,Two guy on ready would relate plant way.
56,2014-11-17,2.09,Less get game letter six.
56,2016-02-20,1.84,Good open cell bit across after spend.
56,2017-04-28,3.0,Yard half specific which age before yes enough.
56,2018-06-08,4.44,Gas tough evening child.
56,2018-08-08,2.55,Surface try chair start.
56,2019-10-11,3.79,Evening weight prove want three.
56,2021-03-01,2.01,Eat partner audience scientist run direction let.
56,2022-07-14,4.65,Though commercial later bed tell.
56,2022-11-18,3.17,Relate our skin society.
56,2023-11-10,1.19,Focus now relationship present.
57,2014-11-13,3.38,Democratic then himself sing bill occur.
57,2015-11-28,4.98,State world college seem record hard assume.
57,2017-06-27,1.81,Congress many will series thought ground.
57,2017-08-30,2.98,Every top phone raise.
57,2018-09-05,1.48,Section Democrat kid among writer save write forward.
57,2020-01-16,1.17,Possible Mrs tell me.
57,2021-06-03,4.19,Population southern improve born road.
57,2022-05-22,4.1,Different business until boy hundred near some.
57,2023-02-22,4.4,Look Republican heart other.
57,2023-09-18,1.73,Assume certainly evening pattern close else commercial.
58,2015-01-13,2.58,More value simple ball sea form leader.
58,2016-07-04,1.12,Else letter sea stand these reason far.
58,2017-03-29,4.57,True beyond social lose.
58,2018-05-20,2.61,Respond better experience night eight close morning.
58,2018-12-16,2.75,Arrive course direction protect fly in chair.
58,2020-07-18,2.61,Food move information.
58,2020-12-16,3.28,Full all else worker rather anything.
58,2022-04-11,2.39,Community land magazine.
58,2023-02-12,1.27,Trial majority animal two federal.
58,2024-03-02,3.64,Me street miss.
59,2015-06-07,2.05,Reduce magazine employee add.
59,2015-11-06,1.05,Exactly resource civil with style fear.
59,2016-12-14,4.21,Process institution difficult hundred ever executive.
59,2017-09-26,2.73,Build prevent either store smile cup next.
59,2019-07-24,3.85,Morning road wife identify book.
59,2020-07-18,2.7,Answer for full responsibility.
59,2021-03-28,3.04,Choice understand inside particularly here whether worker.
59,2022-05-26,3.36,Human yourself pick music people explain.
59,2023-02-23,2.41,Deal citizen must forward customer citizen a painting.
59,2023-10-31,2.65,Human anything speech campaign mission there throughout.
60,2014-10-13,2.05,Specific forward market thing consider situation drive.
60,2015-08-20,4.86,May for think ability main.
60,2016-10-06,3.32,Budget well similar accept sound too.
60,2018-06-23,1.39,Help three professional.
60,2019-03-09,2.07,Natural hospital manage arm sea wear.
60,2020-04-12,1.61,Would money official film.
60,2021-02-06,4.11,Its become glass economic.
60,2022-03-24,1.85,Although mean little probably.
60,2023-06-28,1.08,Street west treat among.
60,2024-06-23,1.96,Someone personal need professional soon take.
61,2015-04-21,1.41,Yet consider glass east course wind.
61,2016-05-06,1.43,Water site good it far all.
61,2016-12-01,2.03,Fine animal run world community chair movement.
61,2017-10-16,4.87,Approach for democratic night page black truth.
61,2018-11-22,1.54,Society buy impact environmental light move data.
61,2019-09-21,3.92,Program wife hit control subject.
61,2021-02-24,4.78,Effect partner partner magazine term.
61,2022-04-24,2.64,Well physical policy cell occur each.
61,2022-11-23,2.68,Question plan sign scientist sort history understand.
61,2023-10-08,1.97,Story experience car first.
62,2015-07-25,1.34,Course term figure cut recognize forget Mrs.
62,2016-02-07,4.06,Child image you.
62,2017-07-20,3.26,Bill himself home seek know deep fall.
62,2018-07-31,4.96,Focus simply now follow argue plant mother.
62,2019-06-14,2.61,Keep simply personal positive baby policy know.
62,2019-10-06,4.17,Nature dream energy ability record condition include action.
62,2020-09-17,2.16,Population ability add clearly physical.
62,2022-06-19,1.11,Camera although together particularly computer east.
62,2022-12-16,1.79,Admit type leg magazine religious continue enough.
62,2024-04-03,1.68,Fish work its father in staff onto.
63,2014-11-22,1.14,Seat year wall high nearly school term.
63,2016-01-31,2.81,Morning himself news establish one buy help.
63,2016-08-29,1.73,Where plan recognize.
63,2018-06-13,3.95,Now practice or former standard camera find.
63,2019-03-17,2.79,Age computer cover our paper follow.
63,2020-03-28,4.94,Dream eye nearly need.
63,2021-06-06,2.75,Current skill likely.
63,2021-12-20,1.63,Either both onto stop everything old cell food.
63,2023-05-14,1.65,Provide response former be myself weight.
63,2024-04-26,3.33,Body you example system.
64,2015-04-13,4.57,Hair group benefit audience clear well.
64,2016-03-30,1.13,Western indeed score agent concern.
64,2017-06-06,2.59,Certain position stand general job rich project.
64,2017-10-29,3.84,Focus throughout prevent cold technology protect save.
64,2019-07-14,1.24,Billion suggest team rest effect.
64,2020-01-30,4.15,Economy claim site cold five contain thus.
64,2020-11-07,2.35,Magazine media usually begin hotel partner environment.
64,2022-04-21,4.57,Likely report character bank.
64,2023-02-19,3.45,Yes catch capital family but fill development.
64,2023-12-01,4.26,Good turn word than station join environmental to.
65,2014-09-04,3.94,Every painting great item or nice national interview.
65,2016-05-04,1.53,Check lead quite someone.
65,2016-08-22,4.17,Process recent rise put back friend.
65,2018-01-06,3.64,Avoid poor wrong fast summer hope.
65,2019-03-09,1.04,Media choose sister notice senior.
65,2020-01-16,4.48,Ask miss level born impact.
65,2021-01-31,2.84,Board our improve indicate service protect.
65,2022-01-31,1.24,Total sister suddenly boy.
65,2023-05-14,4.57,Number industry sure our four thank kind.
65,2024-04-19,2.95,Position this election author peace.
66,2014-12-08,1.64,Three company entire.
66,2016-03-13,1.89,Traditional among capital trade Mrs.
66,2016-10-09,4.38,Outside since read throw.
66,2018-08-03,2.28,Student window standard share discuss store.
66,2018-09-15,1.45,Pay artist magazine yard right report local.
66,2020-03-02,4.67,Program own Democrat blood east which police.
66,2020-10-06,3.92,Cup likely economic forget bill color.
66,2022-06-06,2.47,Just mind next deal exactly matter.
66,2022-12-29,1.23,Worker back trip.
66,2023-11-05,1.96,During at production hot conference.
67,2014-11-27,3.35,Begin than series large near.
67,2016-07-30,1.27,Training owner yard.
67,2016-09-26,1.11,Hot it popular as level candidate take.
67,2018-02-20,2.94,Since sport shoulder with long fight source.
67,2019-06-15,1.19,Necessary during artist.
67,2019-12-29,1.67,Road should act clear.
67,2020-10-11,3.56,Staff character receive force lot fly power always.
67,2022-07-08,2.31,Visit money near paper.
67,2023-03-31,3.62,Born catch near relate population reality despite.
67,2023-12-28,1.35,Most reality not newspaper business buy executive remember.
68,2015-07-01,3.41,Own just whatever industry western cut method challenge.
68,2015-11-17,4.82,Leg standard ask care value leg general person.
68,2017-06-12,4.09,Research main across sport.
68,2018-07-06,4.99,Television wind gun skin party miss street.
68,2019-04-13,4.17,It though move establish.
68,2019-10-17,4.41,Model guess today free memory save senior partner.
68,2020-12-02,2.2,Add easy blue never science improve pressure.
68,2021-08-28,1.37,Yes least give view.
68,2022-08-29,4.67,Sign process address.
68,2023-09-14,2.74,These music create food nothing.
69,2015-02-11,3.44,Chance feel it prevent represent two particular.
69,2015-09-20,1.85,Writer choose month total.
69,2017-01-14,3.91,Money military step building vote.
69,2018-06-01,3.1,Hundred reality will child body.
69,2019-07-30,1.39,House thank hair able.
69,2019-10-17,3.2,Position same cell rule outside always crime.
69,2020-09-29,2.18,Onto important style admit service fast.
69,2021-12-09,4.94,Commercial understand college.
69,2023-01-05,1.57,Thank right him organization.
69,2023-10-09,1.7,Door once since production whether.
70,2014-08-07,1.23,Yes understand reality shoulder issue fire movement economy.
70,2015-09-10,1.36,Fall pretty president accept.
70,2017-01-13,4.42,Police political term common surface cultural physical administration.
70,2018-04-02,4.01,Approach movement lot town.
70,2018-09-14,2.55,In hope grow data modern weight.
70,2019-11-09,4.36,Mrs especially first hear.
70,2020-10-28,2.29,Toward water magazine carry large left.
70,2022-06-14,2.43,Five expert management better authority.
70,2023-07-23,4.62,Contain painting radio prepare modern.
70,2023-10-30,3.61,West yet find second resource.
71,2014-10-20,2.02,Might Mrs other American enough line give.
71,2016-07-06,3.79,Suggest strong most prevent manager theory present.
71,2017-04-22,1.82,Whom seem building bring.
71,2018-04-17,3.57,Kind difference nice cut box hear subject.
71,2019-07-20,2.21,Raise fear across born civil challenge.
71,2019-10-15,3.75,Drop remember suggest clearly listen western anyone six.
71,2021-02-12,3.68,Enter its turn also detail group.
71,2022-03-27,3.69,Reach yard significant green establish today fight.
71,2023-02-15,1.05,Soldier save this book arm teacher where.
71,2023-10-29,2.18,Politics identify standard worker citizen.
72,2014-08-11,4.04,Management write science strong.
72,2016-06-27,2.24,Century trouble land push card magazine.
72,2016-09-24,2.15,Purpose especially civil area.
72,2018-06-28,2.43,Too end now success.
72,2019-04-13,2.38,Tough radio soldier assume situation design land film.
72,2019-08-13,1.31,Building religious Republican TV customer.
72,2021-06-28,1.97,Break rule successful bring.
72,2021-09-24,1.11,Feel section four thank Mrs.
72,2022-10-11,3.11,Natural cause show official or blood.
72,2023-09-13,3.36,Reduce worker chance dark decade should garden.
73,2015-05-13,2.02,Thank really worker sit.
73,2016-05-07,4.14,Past us animal rate leg.
73,2017-07-29,1.67,Send join best machine meet south deal.
73,2018-03-26,1.18,Whom successful help successful.
73,2018-08-23,2.23,Sign instead allow structure brother bill.
73,2019-12-13,2.38,As front prevent writer pass another ground.
73,2020-11-07,3.86,Dinner day line.
73,2022-02-25,1.41,Focus at bill six.
73,2023-04-29,3.45,Protect dream newspaper then itself.
73,2024-06-29,4.78,Government again cause only bad seek pull year.
74,2014-11-05,2.28,Painting address traditional.
74,2015-10-31,4.46,Nor threat spend discover growth young interview town.
74,2016-09-20,4.28,Effort international identify suggest.
74,2018-07-27,1.71,Quickly billion look.
74,2019-04-08,4.51,Describe people research board.
74,2020-06-23,3.4,Training space energy carry hit.
74,2020-11-17,1.63,Follow lawyer attorney lose.
74,2022-01-06,3.11,Town design theory fall group old beat down.
74,2023-01-09,4.19,New without her.
74,2024-06-08,3.93,Girl worker skill deep TV fact want.
75,2015-04-14,3.0,Easy question throughout figure.
75,2016-02-06,4.07,Dog over nation part above wish travel.
75,2016-12-29,2.98,Way kid like report sense receive story.
75,2018-05-28,1.6,Break response blood network she reach light time.
75,2019-02-03,4.79,Recent middle happen drug modern box nice.
75,2019-11-27,3.6,Go various day happy term represent away.
75,2021-05-09,3.79,Quality officer gun almost special form significant.
75,2022-05-12,1.37,With none land they short themselves season.
75,2023-07-08,4.37,Chance rather special behavior write.
75,2023-11-06,3.24,Recently push follow sign consumer describe.
76,2015-07-17,4.99,Since yeah east really media simple reduce.
76,2015-11-13,1.67,City buy economic describe city write hold.
76,2016-09-10,2.85,Billion support these population wrong student together.
76,2018-05-28,1.18,Receive could magazine shake store lay.
76,2018-09-27,3.3,Policy get energy size for resource up doctor.
76,2019-11-27,4.43,Contain arrive important run computer sing five good.
76,2021-01-28,2.72,Bad trial since organization concern whole relationship paper.
76,2022-01-08,2.87,Support feel since good official know either.
76,2023-05-11,3.06,Crime anything act.
76,2023-09-02,4.39,Newspaper cultural offer check she learn.
77,2014-11-24,1.36,Listen more amount employee.
77,2016-03-23,2.54,Again rule relate certainly way long.
77,2017-07-15,4.94,Boy her most dark heavy hope.
77,2018-06-03,2.67,Official surface born town.
77,2018-12-01,1.71,Step voice interest agent road keep.
77,2020-05-03,1.85,Yeah mouth up both she nor relationship.
77,2021-03-15,3.64,Image get her spring address.
77,2021-08-17,2.87,Personal office draw event agree you staff.
77,2023-02-18,1.87,Cup cut appear their wide.
77,2023-09-21,2.48,Manage right firm situation production.
78,2015-06-09,2.14,Sense task candidate service article pull cup.
78,2016-01-06,4.98,Southern red sure method somebody cost not serious.
78,2017-04-06,4.0,Particularly direction rate worker expert similar window.
78,2017-11-28,3.09,Guy night direction however boy particularly find.
78,2019-02-27,4.8,Hard difference expect word.
78,2020-05-16,1.32,Worry travel night foot movement.
78,2021-06-13,2.33,See yard fish generation.
78,2021-12-19,2.9,Put century hospital spring success level figure.
78,2023-01-06,1.64,Design early book step.
78,2023-11-26,3.74,Show enough scientist pretty.
79,2015-03-19,3.98,Can traditional beautiful issue pick.
79,2015-11-10,3.45,Agent worker religious cut morning tax start.
79,2017-03-17,4.65,But candidate take trial fast road table.
79,2018-03-30,4.95,Establish father authority leader nice environment especially.
79,2018-10-12,4.62,Speech whole remember.
79,2020-06-11,3.0,Current size they eight laugh animal letter.
79,2020-09-02,3.24,Measure because traditional.
79,2022-06-28,1.38,Most our reveal director.
79,2023-02-09,1.82,Clear sign garden various focus.
79,2024-06-07,3.5,Bank recently business rise.
80,2014-10-05,3.67,Mr walk might offer.
80,2015-10-02,2.28,Evening better national look must commercial stuff.
80,2016-09-25,2.88,Gas remain impact young number painting everything these.
80,2018-03-07,1.43,Morning sure view glass wife.
80,2019-02-22,2.01,Industry must sport stay fill third word.
80,2020-01-02,4.56,Detail team peace road share happen its.
80,2020-08-22,1.28,Couple hundred hot forward phone.
80,2022-07-06,1.84,Task consumer offer beat share approach.
80,2023-08-04,2.56,Move boy option along many.
80,2024-07-06,2.26,Bed clearly lawyer general will similar night.
81,2014-09-13,3.57,Five at last probably maybe.
81,2015-08-27,4.88,Be camera owner party idea into card.
81,2016-12-18,2.45,Property test tree boy say.
81,2017-10-22,2.01,Pick military possible actually once onto nature.
81,2019-06-28,2.77,Fact stage thank wall store kitchen.
81,2019-12-07,1.09,One agree tax cup contain.
81,2021-07-15,4.96,Gas measure forget newspaper different attack method.
81,2022-03-22,1.31,Collection seek occur plant treat machine.
81,2023-07-30,1.76,Spring time action.
81,2023-12-09,1.1,Yard ability young she.
82,2015-05-11,2.76,I meet skin statement alone economic.
82,2015-12-05,4.36,Almost president eight significant you unit middle.
82,2016-11-27,1.59,Degree professional others threat community better side.
82,2017-09-17,3.73,Test network other away so.
82,2019-01-14,1.39,Than long body large.
82,2019-09-07,3.29,Dinner customer adult although realize home push.
82,2021-01-10,1.51,Do report option suffer wear.
82,2021-12-07,1.45,Letter room address art movie.
82,2023-01-19,4.39,Environment when approach.
82,2023-09-19,1.16,Live real must draw instead white third.
83,2015-07-13,4.22,Him plan food leader customer simply something.
83,2015-09-21,3.01,Because camera nor unit recent laugh.
83,2016-09-14,1.2,Range often relate approach.
83,2017-09-28,1.0,Listen each phone.
83,2019-03-02,1.2,Son product already.
83,2020-07-23,2.28,Health just your gun.
83,2020-08-23,1.55,Until least stock protect spend.
83,2022-05-14,3.17,The itself eye course race course trouble send.
83,2023-01-27,3.92,Pressure work away career test.
83,2024-06-02,3.58,Yard recent seek time.
84,2015-06-08,1.86,Trial kitchen city hold forget.
84,2015-10-03,4.68,Other side however drop cover.
84,2017-02-15,2.45,Station only left citizen.
84,2017-08-11,2.46,Face hand for.
84,2019-02-18,3.94,Environmental occur thought.
84,2020-04-16,1.31,Amount share somebody general century.
84,2020-11-02,1.7,Listen production chance total bit himself.
84,2021-12-18,4.06,Support major soon.
84,2023-04-27,4.84,Seven usually beat away send east inside.
84,2024-07-01,2.17,Glass trial against.
85,2015-05-11,1.07,Hair gas kitchen husband.
85,2015-08-17,1.02,Probably these past interview clear president.
85,2017-06-15,3.34,Cup positive establish former personal customer.
85,2018-01-26,1.8,Establish forget attention growth.
85,2019-05-29,3.7,Past think individual ball.
85,2020-06-02,4.67,Operation industry power organization.
85,2020-12-24,1.1,Crime back stand similar.
85,2021-09-01,1.34,New must market fire hold at recently.
85,2023-02-17,2.5,Outside on good which situation would stand.
85,2024-06-01,1.3,Put night like Mr discuss.
86,2015-06-23,1.86,Tv garden for provide.
86,2016-02-03,2.23,Develop someone offer.
86,2016-12-02,3.87,Son break your left cultural American.
86,2018-07-17,4.81,Head argue once among training.
86,2018-09-09,2.9,Team build news always.
86,2020-07-30,2.98,Play specific area let almost always address.
86,2020-10-18,4.9,Adult health sure lose reduce.
86,2021-11-26,4.4,To series thus deal.
86,2023-03-12,1.8,West believe ten.
86,2023-10-18,4.08,Suddenly crime different brother center.
87,2015-01-20,2.12,Stay lawyer once certain gas protect generation agent.
87,2015-10-20,3.17,Note sometimes develop performance before employee news where.
87,2017-05-30,4.22,Government lose population beyond.
87,2018-05-06,2.58,We think energy decade technology.
87,2018-10-11,4.31,He report future effort product detail specific.
87,2020-04-23,3.2,Respond attention next very old safe.
87,2021-06-13,3.41,He I perhaps when present.
87,2022-07-06,1.08,Realize prevent stand serious air.
87,2023-05-15,2.86,Environment continue senior.
87,2024-05-16,1.79,Science side hand early staff effect thousand.
88,2015-06-23,2.33,Contain when detail might provide.
88,2015-09-08,2.5,President add specific page home.
88,2016-08-26,4.26,Medical to food travel.
88,2018-04-09,2.58,Before world others.
88,2018-11-23,1.99,Sure day born world score.
88,2020-05-06,2.19,Special suggest miss show community court reason.
88,2021-05-14,3.57,Low person remain professor onto suggest.
88,2022-06-16,3.45,Just old member half season.
88,2023-07-07,3.49,Could training yet explain explain.
88,2023-11-16,1.44,Sister respond production poor.
89,2015-01-04,1.81,She officer unit certainly maybe.
89,2015-09-04,2.09,Music general capital participant.
89,2016-10-14,4.15,Officer control two seven capital.
89,2018-05-29,3.02,Smile memory send building during allow enjoy.
89,2018-10-18,4.43,Itself million method reach floor begin.
89,2019-08-17,1.76,Bag eye former play firm cold safe three.
89,2021-06-12,2.64,Test soldier protect agent.
89,2022-05-05,3.73,Send finish product have gun issue.
89,2023-01-19,3.25,Sea however action fast leg theory.
89,2023-08-16,2.01,Help nation thing quality somebody your center.
90,2014-11-16,3.03,Change sea visit drive public learn.
90,2015-09-26,4.05,Line pay really decide business customer guess.
90,2016-10-01,4.3,In statement great meet focus deal however.
90,2017-12-21,1.66,Land doctor every write Congress close.
90,2018-11-11,1.64,Their manage material economic remain fast paper.
90,2020-06-12,2.97,Treatment practice investment second policy strategy.
90,2021-02-22,4.06,Mind professor radio individual administration wrong.
90,2021-08-18,1.93,Almost power peace administration.
90,2022-10-04,3.1,He happen despite much both third.
90,2024-03-29,1.82,Just oil skin class his.
91,2015-07-25,1.27,Vote majority bring nature summer road which.
91,2016-02-22,1.18,Whole audience gun debate class budget war.
91,2017-02-25,1.87,To time serve author.
91,2018-05-10,3.91,Cup ability want would evening learn someone.
91,2018-08-30,2.7,Way free his nothing stop.
91,2020-02-01,3.0,Red any wall ground.
91,2021-04-13,1.64,Show likely option figure century certain.
91,2021-12-23,1.29,Until I fear.
91,2023-03-05,4.58,Plant rest few save.
91,2024-06-06,3.94,Group hair artist about modern nearly over.
92,2015-02-13,2.35,Everything drug song.
92,2016-07-03,1.73,First ten bank.
92,2017-02-05,3.42,Wind official sea open.
92,2018-02-24,3.81,Name successful total reflect.
92,2019-03-23,3.26,Watch building ground over network identify customer.
92,2020-05-09,3.53,Rich stand blood feeling.
92,2021-04-24,3.25,Beat central for discover people pretty positive.
92,2022-01-18,2.43,Me service behavior step sell behavior.
92,2023-03-19,3.5,Figure report order alone.
92,2024-06-05,3.2,Dinner hold quite suffer success true agreement.
93,2015-01-03,3.08,Writer gun affect budget.
93,2015-11-08,1.12,Television father add report despite sport significant politics.
93,2017-07-15,2.06,War mother increase up structure floor stop.
93,2018-05-30,4.93,Seat station they father board sing.
93,2019-07-11,4.45,Political best model turn building.
93,2019-08-23,2.05,Lot to summer although understand prove beyond.
93,2020-11-28,2.33,Some pick tonight have ability there.
93,2021-10-22,4.58,Among job election lot world.
93,2023-07-24,2.64,Message president particularly guy represent.
93,2023-12-19,1.66,From practice just too too.
94,2015-06-03,3.83,Black quality later term sister far.
94,2016-03-22,2.37,Goal more get drug.
94,2016-12-15,1.7,Year here too if only himself politics.
94,2018-03-03,4.03,Enough take design the successful against.
94,2018-10-29,2.2,Newspaper series democratic nation speak.
94,2020-03-17,2.93,Democratic man their include fall according.
94,2021-03-01,4.57,Can style we computer itself.
94,2022-02-20,3.39,Wrong give why control watch money half.
94,2023-01-16,4.74,Own system me stage yes you save.
94,2023-12-08,1.6,Item line federal true white.
95,2014-10-15,1.53,Military thing eight.
95,2016-04-02,3.56,Him card avoid can campaign.
95,2016-09-17,1.44,Community improve owner moment.
95,2017-10-02,3.4,Detail fill interview design air heavy.
95,2019-06-25,1.96,Media write back American live.
95,2020-05-16,3.92,Home science oil charge stand.
95,2021-02-13,4.44,Store argue help reach music.
95,2022-04-06,4.83,Around town phone reduce phone each town.
95,2022-09-25,4.3,Music discussion there happen happen seek.
95,2024-04-30,4.25,Police war president find ask local camera door.
96,2015-02-26,3.39,Budget college respond will begin.
96,2015-12-22,4.73,Audience strong huge them.
96,2017-03-06,2.0,Situation fast surface various.
96,2018-07-01,3.73,Laugh coach article news.
96,2018-10-04,2.43,Nor detail order assume yard social.
96,2020-05-02,2.02,Form successful administration far stay half machine decision.
96,2020-10-29,1.72,Before energy not decade possible game too.
96,2021-10-04,3.19,Security picture mother these that state throw art.
96,2022-09-25,4.43,Property term happy else my half their.
96,2023-08-27,3.66,Know item popular inside.
97,2015-06-05,3.88,Record cell story century word he.
97,2016-07-10,3.15,Perform hot wall keep miss.
97,2017-03-06,3.64,Have agent attorney voice area.
97,2017-11-10,1.29,Sort today economy past cause wall.
97,2019-04-25,4.19,Similar issue wide arm sing.
97,2020-07-07,1.39,Already moment chair everything student.
97,2021-08-04,1.87,Music fall maybe the evidence future.
97,2022-06-24,4.74,Number role claim exactly staff level.
97,2022-10-18,2.27,Course still small because know.
97,2023-11-15,4.55,Drop take impact feel pass hot.
98,2015-07-23,3.57,Power tax thousand area finally way.
98,2015-08-13,3.73,Science reveal order account.
98,2017-07-12,1.87,Time blue bit open season.
98,2018-01-14,3.47,A specific pick another standard.
98,2018-09-29,1.47,Pattern show grow decade executive conference name.
98,2020-03-23,2.25,Region music rock speak would.
98,2021-03-20,2.1,Approach theory become form create.
98,2022-05-07,1.01,Much responsibility involve keep.
98,2023-05-31,1.92,Standard way piece financial price return account.
98,2024-06-06,2.97,Job safe style our.
99,2015-05-07,4.28,Receive cost much law outside stand.
99,2015-09-27,2.0,Attack next sister once rise station cell.
99,2016-09-07,3.44,Something particular buy follow main be become.
99,2018-02-12,3.79,Memory pass watch catch every later agent.
99,2018-12-13,2.23,Case throughout look.
99,2020-08-06,3.08,May when difference draw sure send safe.
99,2020-10-23,1.58,Attack movie my until respond animal many lose.
99,2021-10-11,3.79,Believe another husband.
99,2022-10-20,2.95,Often chance single.
99,2023-10-19,3.09,Prove campaign art suddenly follow play general poor.
100,2014-08-21,3.82,Sport piece structure Mr.
100,2016-06-30,4.54,Meet claim face big radio best hotel treatment.
100,2017-02-04,2.89,Claim page capital former study discover citizen may.
100,2017-08-29,4.53,For growth heavy throw skin eight newspaper remain.
100,2019-07-05,1.74,Push candidate peace home strong issue area sea.
100,2020-05-01,1.24,Off concern impact end open she none.
100,2021-01-19,2.63,Long anyone seven.
100,2021-11-28,2.61,Usually hair loss word sister occur.
100,2022-12-28,4.29,Toward product today prepare employee song.
100,2024-02-05,2.82,Everything way drive soon catch parent.
